Datetime,Water Level (m)
2025-02-20 00:00:00,-0.07689931
2025-02-20 01:00:00,-0.028240897
2025-02-20 02:00:00,-0.018793758
2025-02-20 03:00:00,-0.065115064
2025-02-20 04:00:00,-0.1536178
2025-02-20 05:00:00,-0.25647283
2025-02-20 06:00:00,-0.37074956
2025-02-20 07:00:00,-0.48019853
2025-02-20 08:00:00,-0.56403846
2025-02-20 09:00:00,-0.56708294
2025-02-20 10:00:00,-0.50643164
2025-02-20 11:00:00,-0.40986496
2025-02-20 12:00:00,-0.28695288
2025-02-20 13:00:00,-0.18493664
2025-02-20 14:00:00,-0.122901686
2025-02-20 15:00:00,-0.10727161
2025-02-20 16:00:00,-0.12893802
2025-02-20 17:00:00,-0.17123364
2025-02-20 18:00:00,-0.2294552
2025-02-20 19:00:00,-0.29298925
2025-02-20 20:00:00,-0.3474976
2025-02-20 21:00:00,-0.36987194
2025-02-20 22:00:00,-0.34878618
2025-02-20 23:00:00,-0.30983612
2025-02-21 00:00:00,-0.2563149
2025-02-21 01:00:00,-0.21379615
2025-02-21 02:00:00,-0.2161516
2025-02-21 03:00:00,-0.25463408
2025-02-21 04:00:00,-0.31820232
2025-02-21 05:00:00,-0.39983684
2025-02-21 06:00:00,-0.48123536
2025-02-21 07:00:00,-0.5604243
2025-02-21 08:00:00,-0.6239629
2025-02-21 09:00:00,-0.64173234
2025-02-21 10:00:00,-0.60372233
2025-02-21 11:00:00,-0.5357913
2025-02-21 12:00:00,-0.43321866
2025-02-21 13:00:00,-0.3233659
2025-02-21 14:00:00,-0.22738545
2025-02-21 15:00:00,-0.15567124
2025-02-21 16:00:00,-0.1239826
2025-02-21 17:00:00,-0.12958592
2025-02-21 18:00:00,-0.149921
2025-02-21 19:00:00,-0.18906058
2025-02-21 20:00:00,-0.23786062
2025-02-21 21:00:00,-0.28189415
2025-02-21 22:00:00,-0.30293328
2025-02-21 23:00:00,-0.30098176
2025-02-22 00:00:00,-0.29047462
2025-02-22 01:00:00,-0.27937448
2025-02-22 02:00:00,-0.2832927
2025-02-22 03:00:00,-0.31329718
2025-02-22 04:00:00,-0.36310723
2025-02-22 05:00:00,-0.4262269
2025-02-22 06:00:00,-0.49464643
2025-02-22 07:00:00,-0.55608374
2025-02-22 08:00:00,-0.6084557
2025-02-22 09:00:00,-0.6475293
2025-02-22 10:00:00,-0.65601367
2025-02-22 11:00:00,-0.6209668
2025-02-22 12:00:00,-0.55805445
2025-02-22 13:00:00,-0.46692258
2025-02-22 14:00:00,-0.3614407
2025-02-22 15:00:00,-0.26205382
2025-02-22 16:00:00,-0.18051843
2025-02-22 17:00:00,-0.12570113
2025-02-22 18:00:00,-0.10693188
2025-02-22 19:00:00,-0.1153829
2025-02-22 20:00:00,-0.14345436
2025-02-22 21:00:00,-0.1954243
2025-02-22 22:00:00,-0.26234704
2025-02-22 23:00:00,-0.33156347
2025-02-23 00:00:00,-0.38927478
2025-02-23 01:00:00,-0.42407423
2025-02-23 02:00:00,-0.43113926
2025-02-23 03:00:00,-0.42735496
2025-02-23 04:00:00,-0.42329624
2025-02-23 05:00:00,-0.4297109
2025-02-23 06:00:00,-0.45312002
2025-02-23 07:00:00,-0.48954037
2025-02-23 08:00:00,-0.53428
2025-02-23 09:00:00,-0.5839228
2025-02-23 10:00:00,-0.6322493
2025-02-23 11:00:00,-0.670207
2025-02-23 12:00:00,-0.67505944
2025-02-23 13:00:00,-0.6290125
2025-02-23 14:00:00,-0.5474806
2025-02-23 15:00:00,-0.4302417
2025-02-23 16:00:00,-0.2987302
2025-02-23 17:00:00,-0.17609234
2025-02-23 18:00:00,-0.08275396
2025-02-23 19:00:00,-0.043019257
2025-02-23 20:00:00,-0.05555437
2025-02-23 21:00:00,-0.09233877
2025-02-23 22:00:00,-0.1605363
2025-02-23 23:00:00,-0.25079647
2025-02-24 00:00:00,-0.34825075
2025-02-24 01:00:00,-0.43814927
2025-02-24 02:00:00,-0.49101534
2025-02-24 03:00:00,-0.48029312
2025-02-24 04:00:00,-0.44601986
2025-02-24 05:00:00,-0.3978049
2025-02-24 06:00:00,-0.35379434
2025-02-24 07:00:00,-0.33923277
2025-02-24 08:00:00,-0.35769463
2025-02-24 09:00:00,-0.39246583
2025-02-24 10:00:00,-0.44974166
2025-02-24 11:00:00,-0.5161547
2025-02-24 12:00:00,-0.5893375
2025-02-24 13:00:00,-0.64523363
2025-02-24 14:00:00,-0.6280193
2025-02-24 15:00:00,-0.55487895
2025-02-24 16:00:00,-0.442122
2025-02-24 17:00:00,-0.28898072
2025-02-24 18:00:00,-0.14097244
2025-02-24 19:00:00,-0.024475424
2025-02-24 20:00:00,0.03732943
2025-02-24 21:00:00,0.03316111
2025-02-24 22:00:00,-0.004373796
2025-02-24 23:00:00,-0.07873244
2025-02-25 00:00:00,-0.18193254
2025-02-25 01:00:00,-0.29316533
2025-02-25 02:00:00,-0.40105164
2025-02-25 03:00:00,-0.45985612
2025-02-25 04:00:00,-0.43337733
2025-02-25 05:00:00,-0.38066542
2025-02-25 06:00:00,-0.29879805
2025-02-25 07:00:00,-0.22208376
2025-02-25 08:00:00,-0.18961035
2025-02-25 09:00:00,-0.19641525
2025-02-25 10:00:00,-0.23060521
2025-02-25 11:00:00,-0.29993674
2025-02-25 12:00:00,-0.38089365
2025-02-25 13:00:00,-0.4779587
2025-02-25 14:00:00,-0.5588272
2025-02-25 15:00:00,-0.5527423
2025-02-25 16:00:00,-0.47405946
2025-02-25 17:00:00,-0.35135108
2025-02-25 18:00:00,-0.18003564
2025-02-25 19:00:00,-0.01750585
2025-02-25 20:00:00,0.10515081
2025-02-25 21:00:00,0.15058543
2025-02-25 22:00:00,0.14621557
2025-02-25 23:00:00,0.094335504
2025-02-26 00:00:00,-0.0018466394
